Player,Team,Pos,Age,G,AB,R,H,2B,3B,HR,RBI,SB,CS,BB,SO,SH,SF,HBP,AVG,OBP,SLG,OPS,Yrs,BA
Aaron Judge,NYY,OF,32,158,559,122,180,36,1,58,144,10,0,133,171,0,2,9,0.322,0.458,0.701,1.159,9,0.322
Shohei Ohtani,LAD,DH,30,159,636,134,197,38,7,54,130,59,4,81,162,0,5,6,0.31,0.39,0.646,1.036,7,0.31
Anthony Santander,BAL,OF,30,155,595,91,140,25,2,44,102,2,0,58,129,0,5,7,0.235,0.308,0.506,0.814,8,0.235
Juan Soto,NYY,OF,26,157,576,128,166,31,4,41,109,7,4,129,119,0,4,4,0.288,0.419,0.569,0.988,7,0.288
Jose Ramirez,CLE,3B,32,158,620,114,173,39,2,39,118,41,7,54,82,0,6,1,0.279,0.335,0.537,0.872,12,0.279
Marcell Ozuna,ATL,DH,33,162,606,96,183,31,0,39,104,1,0,74,170,0,4,3,0.302,0.378,0.546,0.924,12,0.302
Brent Rooker,OAK,OF,29,145,546,82,160,26,2,39,112,11,3,59,177,0,4,5,0.293,0.365,0.562,0.927,5,0.293
Kyle Schwarber,PHI,OF,31,150,573,110,142,22,0,38,104,5,3,106,197,0,8,5,0.248,0.366,0.485,0.851,10,0.248
Gunnar Henderson,BAL,SS,23,159,630,118,177,31,7,37,92,21,4,78,159,0,4,7,0.281,0.364,0.529,0.893,3,0.281
Ketel Marte,ARI,2B,31,136,504,93,147,23,2,36,95,7,1,65,106,0,9,5,0.292,0.372,0.56,0.932,10,0.292
Yordan Alvarez,HOU,OF,27,147,552,88,170,34,2,35,86,6,0,69,95,0,4,10,0.308,0.392,0.567,0.959,6,0.308
Pete Alonso,NYM,1B,29,162,608,91,146,31,0,34,88,3,0,70,172,0,4,13,0.24,0.329,0.459,0.788,6,0.24
Cal Raleigh,SEA,C,27,153,546,73,120,16,0,34,100,6,1,70,176,0,6,6,0.22,0.312,0.436,0.748,4,0.22
Francisco Lindor,NYM,SS,30,152,618,107,169,39,1,33,91,29,4,56,127,0,3,12,0.273,0.344,0.5,0.844,10,0.273
Teoscar Hernandez,LAD,OF,32,154,589,84,160,32,2,33,99,12,3,53,188,0,1,8,0.272,0.339,0.501,0.84,9,0.272
Willy Adames,MIL,SS,29,161,610,93,153,33,0,32,112,21,4,74,173,0,3,1,0.251,0.331,0.462,0.793,7,0.251
Josh Naylor,CLE,1B,27,152,563,84,137,27,0,31,108,6,2,58,105,0,4,7,0.243,0.32,0.456,0.776,6,0.243
Tyler O'Neill,BOS,OF,29,113,411,74,99,18,0,31,61,4,0,53,159,0,2,7,0.241,0.336,0.511,0.847,7,0.241
Eugenio Suarez,ARI,3B,33,158,571,90,146,28,2,30,101,2,1,49,176,0,11,9,0.256,0.319,0.469,0.788,11,0.256
Bryce Harper,PHI,1B,32,145,550,85,157,42,0,30,87,7,4,76,138,1,2,2,0.285,0.373,0.525,0.898,13,0.285
Corey Seager,TEX,SS,30,123,475,68,132,21,0,30,74,1,1,53,96,0,2,3,0.278,0.353,0.512,0.865,10,0.278
Matt Olson,ATL,1B,30,162,600,78,148,37,1,29,98,0,0,71,170,0,5,9,0.247,0.333,0.457,0.79,9,0.247
Manny Machado,SD,3B,32,152,593,77,163,30,0,29,105,11,2,45,124,0,4,1,0.275,0.325,0.472,0.797,13,0.275
Jake Burger,MIA,3B,28,137,535,68,134,23,1,29,76,1,1,31,150,0,4,9,0.25,0.301,0.46,0.761,4,0.25
Shea Langeliers,OAK,C,26,137,482,58,108,18,2,29,80,4,2,41,145,0,6,5,0.224,0.288,0.45,0.738,3,0.224
Rafael Devers,BOS,3B,28,138,525,87,143,34,5,28,83,3,0,67,147,0,6,3,0.272,0.354,0.516,0.87,8,0.272
Salvador Perez,KC,C,34,158,590,58,160,28,0,27,104,0,0,44,129,0,6,11,0.271,0.33,0.456,0.786,13,0.271
Matt Chapman,SF,3B,31,154,575,98,142,39,2,27,78,15,2,64,158,0,2,6,0.247,0.328,0.463,0.791,8,0.247
Giancarlo Stanton,NYY,OF,34,114,417,49,97,20,0,27,72,0,0,38,143,0,2,2,0.233,0.298,0.475,0.773,15,0.233
Mark Vientos,NYM,3B,24,111,413,58,110,22,0,27,71,0,0,33,135,0,5,3,0.266,0.322,0.516,0.838,3,0.266
Ezequiel Tovar,COL,SS,23,157,655,83,176,45,4,26,78,6,5,23,200,5,7,4,0.269,0.295,0.469,0.764,3,0.269
Alex Bregman,HOU,3B,30,145,581,79,151,30,2,26,75,3,1,44,86,0,4,5,0.26,0.315,0.453,0.768,9,0.26
Christian Walker,ARI,1B,33,130,479,72,120,26,0,26,84,2,2,55,133,0,8,10,0.251,0.335,0.468,0.803,10,0.251
Rhys Hoskins,MIL,1B,31,131,449,59,96,14,0,26,82,3,0,53,149,0,6,7,0.214,0.303,0.419,0.722,7,0.214
Elly De La Cruz,CIN,SS,22,160,618,105,160,36,10,25,76,67,16,69,218,2,1,6,0.259,0.339,0.471,0.81,2,0.259
Taylor Ward,LAA,OF,30,156,585,73,144,26,2,25,75,6,4,63,163,0,8,7,0.246,0.323,0.426,0.749,7,0.246
Adolis Garcia,TEX,OF,31,154,580,68,130,27,0,25,85,11,5,45,177,0,6,6,0.224,0.284,0.4,0.684,6,0.224
Ian Happ,CHC,OF,30,153,569,89,138,34,2,25,86,13,2,80,168,0,2,6,0.243,0.341,0.441,0.782,8,0.243
Michael Toglia,COL,OF,26,116,399,62,87,14,3,25,55,10,1,54,147,0,3,1,0.218,0.311,0.456,0.767,3,0.218
Bryan Reynolds,PIT,OF,29,156,622,73,171,29,3,24,88,10,2,57,156,0,3,10,0.275,0.344,0.447,0.791,6,0.275
Jurickson Profar,SD,OF,31,158,564,94,158,29,0,24,85,10,3,76,101,5,5,18,0.28,0.38,0.459,0.839,11,0.28
Jackson Merrill,SD,OF,21,156,554,77,162,31,6,24,90,16,3,29,101,4,5,1,0.292,0.326,0.5,0.826,1,0.292
Riley Greene,DET,OF,24,137,512,82,134,27,6,24,74,4,2,64,156,0,2,5,0.262,0.348,0.479,0.827,3,0.262
Colton Cowser,BAL,OF,24,153,499,77,121,24,3,24,69,9,4,52,172,0,3,7,0.242,0.321,0.447,0.768,2,0.242
Marcus Semien,TEX,2B,34,159,650,101,154,27,2,23,74,8,3,64,105,0,1,3,0.237,0.308,0.391,0.699,12,0.237
Nick Castellanos,PHI,OF,32,162,606,80,154,30,4,23,86,6,2,41,139,0,2,10,0.254,0.311,0.431,0.742,12,0.254
William Contreras,MIL,C,26,155,595,99,167,37,2,23,92,9,2,78,139,0,3,3,0.281,0.365,0.466,0.831,5,0.281
Brandon Nimmo,NYM,OF,31,151,571,88,128,25,3,23,90,15,0,77,158,0,3,12,0.224,0.327,0.399,0.726,9,0.224
Zach Neto,LAA,SS,23,155,542,70,135,34,1,23,77,30,10,39,140,4,1,16,0.249,0.318,0.443,0.761,2,0.249
Brenton Doyle,COL,OF,26,149,542,82,141,24,4,23,72,30,5,46,153,4,8,3,0.26,0.317,0.446,0.763,2,0.26
Carlos Santana,MIN,1B,38,150,521,63,124,26,0,23,71,4,0,65,99,0,2,6,0.238,0.328,0.42,0.748,15,0.238
Joc Pederson,ARI,OF,32,132,367,62,101,17,1,23,64,7,4,55,105,1,3,18,0.275,0.393,0.515,0.908,11,0.275
Kyle Tucker,HOU,OF,27,78,277,56,80,13,0,23,49,11,0,56,54,0,2,1,0.289,0.408,0.585,0.993,7,0.289
Paul Goldschmidt,STL,1B,37,154,599,70,147,33,1,22,65,11,0,47,173,0,2,2,0.245,0.302,0.414,0.716,14,0.245
Corbin Carroll,ARI,OF,24,158,589,121,136,22,14,22,74,35,8,73,130,3,9,10,0.231,0.322,0.428,0.75,3,0.231
Freddie Freeman,LAD,1B,35,147,542,81,153,35,2,22,89,9,2,78,100,0,8,10,0.282,0.378,0.476,0.854,15,0.282
Heliot Ramos,SF,OF,25,121,475,54,128,23,3,22,72,6,1,37,135,0,4,2,0.269,0.322,0.469,0.791,3,0.269
Lawrence Butler,OAK,OF,24,125,412,63,108,24,2,22,57,18,0,35,108,0,4,0,0.262,0.317,0.49,0.807,2,0.262
Luke Raley,SEA,OF,30,137,404,58,98,19,2,22,58,11,2,27,135,2,2,20,0.243,0.32,0.463,0.783,4,0.243
Jarren Duran,BOS,OF,28,160,671,111,191,48,14,21,75,34,7,54,160,1,3,6,0.285,0.342,0.492,0.834,4,0.285
Alec Burleson,STL,OF,25,152,547,71,147,20,0,21,78,9,4,35,76,1,6,4,0.269,0.314,0.42,0.734,3,0.269
Oneil Cruz,PIT,SS,26,146,541,72,140,34,3,21,76,22,1,51,181,0,4,3,0.259,0.324,0.449,0.773,4,0.259
Jackson Chourio,MIL,OF,20,148,528,80,145,29,4,21,79,22,7,39,121,1,2,3,0.275,0.327,0.464,0.791,1,0.275
Seiya Suzuki,CHC,OF,30,132,512,74,145,27,6,21,73,16,6,63,160,0,4,6,0.283,0.366,0.482,0.848,3,0.283
Trea Turner,PHI,SS,31,121,505,88,149,25,0,21,62,19,4,27,98,0,1,6,0.295,0.338,0.469,0.807,10,0.295
Michael Busch,CHC,3B,26,152,496,73,123,28,2,21,65,2,1,63,162,0,4,4,0.248,0.335,0.44,0.775,2,0.248
Ryan Jeffers,MIN,C,27,122,412,56,93,22,0,21,64,3,0,32,94,1,6,14,0.226,0.3,0.432,0.732,5,0.226
Brandon Lowe,TB,2B,30,107,385,56,94,19,3,21,58,5,1,33,112,0,2,5,0.244,0.311,0.473,0.784,7,0.244
Jose Altuve,HOU,2B,34,153,628,94,185,31,0,20,65,22,7,47,119,0,0,7,0.295,0.35,0.439,0.789,14,0.295
Spencer Steer,CIN,3B,26,158,574,74,129,34,4,20,92,25,3,72,137,0,2,8,0.225,0.319,0.402,0.721,3,0.225
JJ Bleday,OAK,OF,26,159,572,74,139,43,4,20,60,2,3,67,125,1,0,2,0.243,0.324,0.437,0.761,3,0.243
Ryan McMahon,COL,3B,29,153,567,68,137,28,0,20,65,4,6,69,185,0,4,3,0.242,0.325,0.397,0.722,8,0.242
Julio Rodriguez,SEA,OF,23,143,567,76,155,17,0,20,68,24,5,38,156,0,2,6,0.273,0.325,0.409,0.734,3,0.273
CJ Abrams,WSH,SS,24,138,541,79,133,29,6,20,65,31,12,40,128,1,4,16,0.246,0.314,0.433,0.747,3,0.246
Logan O'Hoppe,LAA,C,24,136,479,64,117,17,1,20,56,2,3,33,155,1,1,8,0.244,0.303,0.409,0.712,3,0.244
Andrew Benintendi,CWS,OF,30,135,477,50,109,20,0,20,64,3,2,41,96,0,3,1,0.229,0.289,0.396,0.685,9,0.229
Will Smith,LAD,C,29,128,476,77,118,24,2,20,75,1,1,51,105,0,8,9,0.248,0.327,0.433,0.76,6,0.248
Andrew McCutchen,PIT,DH,38,120,448,66,104,18,1,20,50,3,2,58,133,0,2,7,0.232,0.328,0.411,0.739,16,0.232
Michael Conforto,SF,OF,31,130,438,56,104,27,3,20,66,0,1,42,118,0,3,5,0.237,0.309,0.45,0.759,9,0.237
Jeimer Candelario,CIN,3B,30,112,427,47,96,23,2,20,56,4,3,27,114,0,3,6,0.225,0.279,0.429,0.708,9,0.225
Jo Adell,LAA,OF,25,130,405,54,84,15,2,20,62,15,10,35,126,0,3,7,0.207,0.28,0.402,0.682,5,0.207
Adley Rutschman,BAL,C,26,148,571,68,143,21,1,19,79,1,0,58,103,0,7,2,0.25,0.318,0.391,0.709,3,0.25
Andrew Vaughn,CWS,1B,26,149,570,55,140,30,1,19,70,2,0,38,132,0,5,6,0.246,0.297,0.402,0.699,4,0.246
George Springer,TOR,OF,35,145,545,74,120,19,3,19,56,16,1,60,115,0,2,6,0.22,0.303,0.371,0.674,11,0.22
Vinnie Pasquantino,KC,1B,27,131,496,64,130,30,2,19,97,1,0,40,71,1,13,4,0.262,0.315,0.446,0.761,3,0.262
Tyler Stephenson,CIN,C,28,138,457,69,118,26,1,19,66,1,0,48,117,0,2,8,0.258,0.338,0.444,0.782,5,0.258
Mookie Betts,LAD,OF,32,116,450,75,130,24,5,19,75,16,2,61,57,0,4,1,0.289,0.372,0.491,0.863,11,0.289
Austin Riley,ATL,3B,27,110,425,63,109,26,2,19,56,0,0,37,118,0,2,5,0.256,0.322,0.461,0.783,6,0.256
Nolan Gorman,STL,2B,24,107,365,42,74,15,0,19,50,6,1,34,151,0,2,1,0.203,0.271,0.4,0.671,3,0.203
Cody Bellinger,CHC,OF,29,130,516,72,137,23,3,18,78,9,2,45,89,0,5,3,0.266,0.325,0.426,0.751,8,0.266
Jesus Sanchez,MIA,OF,27,149,489,60,123,25,1,18,64,16,2,41,140,1,2,4,0.252,0.313,0.417,0.73,5,0.252
Daulton Varsho,TOR,OF,28,136,459,73,98,21,7,18,58,10,2,48,137,1,1,4,0.214,0.293,0.407,0.7,5,0.214
Cedric Mullins,BAL,OF,30,147,444,69,104,16,3,18,54,32,6,41,98,2,2,5,0.234,0.305,0.405,0.71,7,0.234
Mike Yastrzemski,SF,OF,34,140,428,60,99,16,9,18,57,3,2,38,124,1,1,6,0.231,0.302,0.437,0.739,6,0.231
Bryan De La Cruz,MIA,OF,27,105,424,44,104,19,0,18,51,3,1,25,118,0,2,2,0.245,0.289,0.417,0.706,4,0.233
Jordan Westburg,BAL,2B,25,107,416,57,110,26,5,18,63,6,3,22,97,1,1,7,0.264,0.312,0.481,0.793,2,0.264
Jose Siri,TB,OF,29,130,402,50,75,16,1,18,47,14,7,31,170,2,4,7,0.187,0.255,0.366,0.621,4,0.187
Christopher Morel,CHC,OF,25,103,362,43,72,7,1,18,51,7,5,47,103,0,4,8,0.199,0.302,0.373,0.675,3,0.196
Byron Buxton,MIN,DH,30,102,355,62,99,27,3,18,56,7,2,20,99,0,2,11,0.279,0.335,0.524,0.859,10,0.279
Paul DeJong,CWS,SS,31,102,337,39,77,14,0,18,41,2,1,14,112,0,3,9,0.228,0.275,0.43,0.705,8,0.227
Kerry Carpenter,DET,OF,27,87,264,37,75,16,5,18,57,0,2,22,75,0,3,4,0.284,0.345,0.587,0.932,3,0.284
Jake Cronenworth,SD,2B,30,155,577,72,139,29,3,17,83,5,2,61,118,1,3,11,0.241,0.324,0.39,0.714,5,0.241
Orlando Arcia,ATL,SS,30,157,551,50,120,24,0,17,46,2,0,41,128,1,7,2,0.218,0.271,0.354,0.625,9,0.218
Zack Gelof,OAK,2B,25,138,497,60,105,20,2,17,49,25,3,38,188,3,5,4,0.211,0.27,0.362,0.632,2,0.211
MJ Melendez,KC,OF,25,135,412,44,85,23,3,17,44,4,4,35,113,0,0,3,0.206,0.273,0.4,0.673,3,0.206
Kyle Higashioka,SD,C,34,84,246,29,54,10,1,17,45,2,0,15,74,1,1,0,0.22,0.263,0.476,0.739,8,0.22
Yainer Diaz,HOU,C,26,148,585,70,175,29,3,16,84,2,0,24,107,0,8,2,0.299,0.325,0.441,0.766,3,0.299
Nolan Arenado,STL,3B,33,152,578,70,157,23,0,16,71,2,2,44,92,0,7,5,0.272,0.325,0.394,0.719,12,0.272
Dansby Swanson,CHC,SS,30,149,534,82,129,27,2,16,66,19,3,54,144,0,3,2,0.242,0.312,0.39,0.702,9,0.242
Matt Vierling,DET,OF,28,144,518,80,133,28,5,16,57,6,1,41,121,0,5,3,0.257,0.312,0.423,0.735,4,0.257
Wyatt Langford,TEX,OF,22,134,499,74,126,25,4,16,74,19,3,51,115,0,3,4,0.253,0.325,0.415,0.74,1,0.253
Nathaniel Lowe,TEX,1B,29,140,486,62,129,16,1,16,69,2,0,71,125,0,4,4,0.265,0.361,0.401,0.762,6,0.265
J.D. Martinez,NYM,DH,37,120,434,46,102,24,1,16,69,0,0,49,141,0,2,6,0.235,0.32,0.406,0.726,14,0.235
Brandon Marsh,PHI,OF,26,135,418,55,104,17,3,16,60,19,3,50,154,1,5,2,0.249,0.328,0.419,0.747,4,0.249
Jorge Polanco,SEA,2B,31,118,417,43,89,11,0,16,45,4,2,46,137,0,2,4,0.213,0.296,0.355,0.651,11,0.213
Isaac Paredes,TB,3B,25,101,363,41,89,19,1,16,55,0,1,52,68,0,2,12,0.245,0.357,0.435,0.792,5,0.238
Royce Lewis,MIN,3B,25,82,292,40,68,16,0,16,47,0,0,28,74,0,5,0,0.233,0.295,0.452,0.747,3,0.233
Jeremy Pena,HOU,SS,27,157,602,78,160,28,2,15,70,20,6,25,111,3,6,14,0.266,0.308,0.394,0.702,3,0.266
Gleyber Torres,NYY,2B,27,154,587,80,151,26,0,15,63,4,3,65,136,2,8,3,0.257,0.33,0.378,0.708,7,0.257
Masyn Winn,STL,SS,22,150,587,85,157,32,5,15,57,11,5,41,109,3,5,1,0.267,0.314,0.416,0.73,2,0.267
Alec Bohm,PHI,3B,28,143,554,62,155,44,2,15,97,5,2,40,86,0,6,6,0.28,0.332,0.448,0.78,5,0.28
Ceddanne Rafaela,BOS,OF,24,152,544,70,134,23,5,15,75,19,10,15,151,2,3,7,0.246,0.274,0.39,0.664,2,0.246
Jonathan India,CIN,2B,27,151,533,84,132,28,2,15,58,13,2,80,125,2,7,15,0.248,0.357,0.392,0.749,4,0.248
Ryan O'Hearn,BAL,1B,31,142,443,60,117,21,3,15,59,3,1,46,69,0,3,2,0.264,0.334,0.427,0.761,7,0.264
Jarred Kelenic,ATL,OF,25,131,412,49,95,18,2,15,45,7,2,32,133,1,3,1,0.231,0.286,0.393,0.679,4,0.231
Wilyer Abreu,BOS,OF,25,132,399,59,101,33,2,15,58,8,3,40,125,0,5,3,0.253,0.322,0.459,0.781,2,0.253
Hunter Renfroe,KC,OF,32,120,385,44,88,18,0,15,52,1,1,36,84,0,1,2,0.229,0.297,0.392,0.689,9,0.229
Mitch Garver,SEA,C,33,114,367,37,63,17,0,15,51,0,0,53,133,0,3,7,0.172,0.286,0.341,0.627,8,0.172
Trevor Larnach,MIN,OF,27,112,355,59,92,17,0,15,52,4,1,40,89,0,2,3,0.259,0.338,0.434,0.772,4,0.259
Randy Arozarena,TB,OF,29,100,350,45,74,19,0,15,37,16,7,45,101,0,3,11,0.211,0.318,0.394,0.712,6,0.219
Tyler Fitzgerald,SF,OF,27,96,314,53,88,19,2,15,34,17,4,22,108,0,1,4,0.28,0.334,0.497,0.831,2,0.28
Travis d'Arnaud,ATL,C,35,99,307,40,73,16,0,15,48,1,0,24,89,0,4,6,0.238,0.302,0.436,0.738,12,0.238
Willson Contreras,STL,C,32,84,301,48,79,17,0,15,36,4,1,45,96,0,0,12,0.262,0.38,0.468,0.848,9,0.262
Max Muncy,LAD,3B,34,73,237,47,55,17,0,15,48,1,0,45,77,0,6,5,0.232,0.358,0.494,0.852,9,0.232
Brendan Donovan,STL,2B,27,153,587,65,163,34,3,14,73,5,5,47,81,0,5,13,0.278,0.342,0.417,0.759,3,0.278
Yandy Diaz,TB,1B,33,145,563,55,158,31,1,14,65,0,0,50,95,0,4,4,0.281,0.341,0.414,0.755,8,0.281
Steven Kwan,CLE,OF,27,122,480,83,140,16,3,14,44,12,5,53,51,2,0,5,0.292,0.368,0.425,0.793,3,0.292
Josh Bell,MIA,1B,32,104,398,38,95,18,1,14,49,0,0,34,88,0,3,5,0.239,0.305,0.394,0.699,9,0.249
Mickey Moniak,LAA,OF,26,124,392,48,86,17,2,14,49,8,4,21,114,0,1,4,0.219,0.266,0.38,0.646,5,0.219
J.T. Realmuto,PHI,C,33,99,380,50,101,18,1,14,47,2,2,27,102,0,1,5,0.266,0.322,0.429,0.751,11,0.266
Seth Brown,OAK,OF,32,124,372,32,86,11,1,14,44,4,2,25,112,0,1,2,0.231,0.283,0.379,0.662,6,0.231
Will Benson,CIN,OF,26,128,343,41,64,19,2,14,43,16,7,40,154,1,2,2,0.187,0.274,0.376,0.65,3,0.187
David Fry,CLE,C,28,122,335,44,88,18,1,14,51,4,1,42,84,0,4,9,0.263,0.356,0.448,0.804,2,0.263
Michael Massey,KC,2B,26,100,332,45,86,17,2,14,45,1,0,15,56,2,4,3,0.259,0.294,0.449,0.743,3,0.259
Carlos Correa,MIN,SS,30,86,319,55,99,20,2,14,54,0,0,40,61,0,4,3,0.31,0.388,0.517,0.905,10,0.31
Alex Verdugo,NYY,OF,28,149,559,74,130,28,1,13,61,2,1,49,93,2,10,1,0.233,0.291,0.356,0.647,8,0.233
Josh Smith,TEX,SS,27,149,523,67,135,30,1,13,62,11,2,46,121,2,3,18,0.258,0.337,0.394,0.731,3,0.258
Nolan Schanuel,LAA,1B,22,147,519,62,130,19,0,13,54,10,1,68,103,3,7,9,0.25,0.343,0.362,0.705,2,0.25
Colt Keith,DET,3B,23,148,516,54,134,15,4,13,61,7,1,36,110,0,2,2,0.26,0.309,0.38,0.689,1,0.26
Brendan Rodgers,COL,2B,28,135,501,67,134,29,1,13,54,1,0,31,132,1,2,4,0.267,0.314,0.407,0.721,6,0.267
Ryan Mountcastle,BAL,1B,27,124,473,54,128,30,2,13,63,3,0,27,114,0,6,1,0.271,0.308,0.425,0.733,5,0.271
Jake Meyers,HOU,OF,28,148,461,51,101,20,3,13,61,11,3,35,117,3,4,10,0.219,0.286,0.36,0.646,4,0.219
Jonah Heim,TEX,C,29,131,459,45,101,12,1,13,59,1,1,26,90,0,2,4,0.22,0.267,0.336,0.603,5,0.22
Keibert Ruiz,WSH,C,26,127,459,46,105,21,0,13,57,3,1,16,54,0,5,5,0.229,0.26,0.359,0.619,5,0.229
Connor Wong,BOS,C,28,126,447,54,125,24,1,13,52,8,7,28,114,1,2,9,0.28,0.333,0.425,0.758,4,0.28
Andy Pages,LAD,OF,23,116,403,65,100,23,1,13,46,1,2,29,108,0,4,6,0.248,0.305,0.407,0.712,1,0.248
Davis Schneider,TOR,2B,25,135,397,48,76,19,1,13,46,6,0,47,144,0,5,5,0.191,0.282,0.343,0.625,2,0.191
Rowdy Tellez,PIT,1B,29,132,383,38,93,18,0,13,56,1,0,31,89,0,5,2,0.243,0.299,0.392,0.691,7,0.243
Jon Singleton,HOU,1B,33,119,355,46,83,13,1,13,42,0,0,47,111,0,3,0,0.234,0.321,0.386,0.707,4,0.234
Bo Naylor,CLE,C,24,123,354,39,71,10,2,13,39,6,3,29,122,2,2,2,0.201,0.264,0.35,0.614,3,0.201
Austin Wells,NYY,C,25,115,354,42,81,18,1,13,55,1,2,47,87,1,7,5,0.229,0.322,0.395,0.717,2,0.229
TJ Friedl,CIN,OF,29,85,297,35,67,5,1,13,55,9,1,26,52,2,4,12,0.226,0.31,0.38,0.69,4,0.226
Joey Bart,PIT,C,27,80,253,38,67,11,0,13,45,0,0,22,73,0,1,6,0.265,0.337,0.462,0.799,5,0.265
Matt Wallner,MIN,OF,26,75,220,26,57,17,1,13,37,3,0,24,95,0,1,16,0.259,0.372,0.523,0.895,3,0.259
Triston Casas,BOS,1B,24,63,212,28,51,8,0,13,32,0,1,30,77,0,0,1,0.241,0.337,0.462,0.799,3,0.241
Hunter Goodman,COL,OF,25,70,211,24,40,9,0,13,36,1,1,8,64,0,2,3,0.19,0.228,0.417,0.645,2,0.19
Anthony Volpe,NYY,SS,23,160,637,90,155,27,7,12,60,28,7,42,156,2,3,4,0.243,0.293,0.364,0.657,2,0.243
Willi Castro,MIN,OF,27,158,558,89,138,31,5,12,60,14,9,51,150,1,4,21,0.247,0.331,0.385,0.716,6,0.247
Leody Taveras,TEX,OF,26,151,480,59,110,17,3,12,44,23,6,42,112,3,4,0,0.229,0.289,0.352,0.641,5,0.229
Charlie Blackmon,COL,OF,38,124,449,59,115,24,5,12,52,6,2,43,86,0,1,6,0.256,0.329,0.412,0.741,14,0.256
Ernie Clement,TOR,SS,28,139,434,48,114,21,3,12,51,12,3,11,41,2,2,3,0.263,0.284,0.408,0.692,4,0.263
Jeff McNeil,NYM,2B,32,129,424,57,101,26,0,12,44,5,1,35,68,1,3,9,0.238,0.308,0.384,0.692,7,0.238
Harrison Bader,NYM,OF,30,143,402,57,95,19,0,12,51,17,8,21,95,0,6,8,0.236,0.284,0.373,0.657,8,0.236
Mitch Haniger,SEA,OF,33,121,380,42,79,12,0,12,44,0,0,40,126,0,1,2,0.208,0.286,0.334,0.62,8,0.208
Korey Lee,CWS,C,26,125,377,36,79,14,1,12,37,6,3,17,122,0,0,0,0.21,0.244,0.347,0.591,3,0.21
Enrique Hernandez,LAD,SS,33,126,362,44,83,16,0,12,42,0,0,27,77,1,3,0,0.229,0.281,0.373,0.654,11,0.229
Lars Nootbaar,STL,OF,27,109,348,39,85,18,3,12,45,7,3,52,79,1,3,1,0.244,0.342,0.417,0.759,4,0.244
Jorge Soler,SF,OF,32,93,341,57,82,23,1,12,40,1,0,44,97,0,3,3,0.24,0.33,0.419,0.749,11,0.241
Spencer Horwitz,TOR,1B,26,97,328,46,87,19,0,12,40,0,0,42,70,0,4,7,0.265,0.357,0.433,0.79,2,0.265
Jake Bauers,MIL,1B,29,117,302,45,60,9,2,12,43,13,1,39,118,0,0,5,0.199,0.301,0.361,0.662,5,0.199
Randal Grichuk,ARI,OF,33,106,254,40,74,20,2,12,46,0,0,20,46,0,2,3,0.291,0.348,0.528,0.876,11,0.291
Bryson Stott,PHI,2B,27,148,506,65,124,19,2,11,57,32,3,53,93,0,9,3,0.245,0.315,0.356,0.671,3,0.245
Joey Ortiz,MIL,2B,26,142,440,58,105,25,6,11,60,11,6,56,103,3,6,6,0.239,0.329,0.398,0.727,2,0.239
Xander Bogaerts,SD,SS,32,111,428,50,113,15,1,11,44,13,3,28,79,0,6,1,0.264,0.307,0.381,0.688,12,0.264
Ha-Seong Kim,SD,SS,29,121,403,60,94,16,3,11,47,22,5,58,77,4,3,2,0.233,0.33,0.37,0.7,4,0.233
Jesse Winker,WSH,OF,31,101,315,51,81,18,0,11,45,14,4,53,84,2,2,7,0.257,0.374,0.419,0.793,8,0.253
Francisco Alvarez,NYM,C,22,100,308,39,73,14,2,11,47,1,1,30,86,0,2,2,0.237,0.307,0.403,0.71,3,0.237
Adam Duvall,ATL,OF,36,104,303,29,55,10,0,11,30,0,0,21,99,0,1,5,0.182,0.245,0.323,0.568,11,0.182
Rob Refsnyder,BOS,OF,33,93,272,32,77,16,1,11,40,2,2,28,78,0,1,5,0.283,0.359,0.471,0.83,9,0.283
Ramon Urias,BAL,3B,30,100,272,39,69,9,2,11,37,1,1,23,55,0,1,5,0.254,0.322,0.423,0.745,5,0.254
Christian Yelich,MIL,OF,32,73,270,44,85,12,3,11,42,21,1,40,58,1,1,2,0.315,0.406,0.504,0.91,12,0.315
Gary Sanchez,MIL,C,31,89,245,30,54,7,1,11,37,0,0,27,76,0,3,5,0.22,0.307,0.392,0.699,10,0.22
Jonah Bride,MIA,3B,28,71,232,30,64,10,0,11,39,0,1,30,55,0,7,3,0.276,0.357,0.461,0.818,3,0.276
Gavin Sheets,CWS,OF,28,139,451,35,105,24,1,10,45,2,2,43,106,0,3,4,0.233,0.303,0.357,0.66,4,0.233
Gavin Lux,LAD,2B,26,139,439,59,110,24,2,10,50,5,2,44,110,0,2,2,0.251,0.32,0.383,0.703,5,0.251
Ozzie Albies,ATL,2B,27,99,399,52,100,29,1,10,53,8,1,27,65,0,4,5,0.251,0.303,0.404,0.707,8,0.251
Masataka Yoshida,BOS,OF,31,108,378,45,106,21,0,10,56,2,0,27,52,0,2,14,0.28,0.349,0.415,0.764,2,0.28
Pete Crow-Armstrong,CHC,OF,22,123,372,46,88,13,6,10,47,27,3,21,98,8,3,6,0.237,0.286,0.384,0.67,2,0.237
Dylan Moore,SEA,OF,32,135,368,53,74,23,4,10,42,32,6,53,123,1,5,14,0.201,0.32,0.367,0.687,6,0.201
Josh Lowe,TB,OF,26,106,353,37,85,19,2,10,34,25,1,32,123,0,2,0,0.241,0.302,0.391,0.693,4,0.241
Spencer Torkelson,DET,1B,25,92,342,45,75,21,1,10,37,0,0,33,105,0,1,4,0.219,0.295,0.374,0.669,3,0.219
Jake Rogers,DET,C,29,102,310,43,61,16,1,10,36,1,0,22,99,0,2,3,0.197,0.255,0.352,0.607,4,0.197
Sean Murphy,ATL,C,30,72,233,19,45,5,1,10,25,0,0,27,67,0,1,3,0.193,0.284,0.352,0.636,6,0.193
Joey Gallo,WSH,OF,30,76,223,24,36,9,0,10,27,3,1,32,102,0,1,4,0.161,0.277,0.336,0.613,10,0.161
Ramon Laureano,ATL,OF,30,67,216,28,64,13,1,10,29,5,2,8,64,0,0,2,0.296,0.327,0.505,0.832,7,0.259
Andres Gimenez,CLE,2B,26,152,583,64,147,22,1,9,63,30,5,26,97,3,6,15,0.252,0.298,0.34,0.638,5,0.252
Jose Caballero,TB,2B,28,139,441,53,100,24,1,9,44,44,16,27,133,3,3,9,0.227,0.283,0.347,0.63,2,0.227
Jose Miranda,MIN,3B,26,121,401,44,114,28,4,9,49,2,2,18,66,0,4,6,0.284,0.322,0.441,0.763,3,0.284
Jared Triolo,PIT,3B,26,125,394,41,85,10,1,9,46,8,1,42,118,0,5,5,0.216,0.296,0.315,0.611,2,0.216
J.P. Crawford,SEA,SS,29,105,392,55,79,16,2,9,37,5,0,52,102,0,1,6,0.202,0.304,0.321,0.625,8,0.202
Wenceel Perez,DET,2B,24,112,389,51,94,16,6,9,37,9,5,32,92,2,1,1,0.242,0.3,0.383,0.683,1,0.242
Thairo Estrada,SF,2B,28,96,364,43,79,15,2,9,47,2,2,10,76,0,2,5,0.217,0.247,0.343,0.59,6,0.217
Connor Joe,PIT,OF,32,123,364,49,83,22,1,9,36,2,2,44,91,0,2,6,0.228,0.32,0.368,0.688,5,0.228
Santiago Espinal,CIN,2B,29,118,357,32,88,12,0,9,45,11,1,24,54,4,4,2,0.246,0.295,0.356,0.651,5,0.246
James Wood,WSH,OF,22,79,295,43,78,13,4,9,41,14,8,39,97,0,0,2,0.264,0.354,0.427,0.781,1,0.264
Parker Meadows,DET,OF,24,82,270,39,66,12,6,9,28,9,4,25,76,1,1,1,0.244,0.31,0.433,0.743,2,0.244
Jack Suwinski,PIT,OF,26,88,247,29,45,8,0,9,26,9,1,27,79,1,1,1,0.182,0.264,0.324,0.588,3,0.182
Jacob Stallings,COL,C,34,82,243,31,64,17,1,9,36,0,0,27,65,1,1,9,0.263,0.357,0.453,0.81,9,0.263
Yasmani Grandal,PIT,C,35,72,215,26,49,10,0,9,27,1,0,24,46,3,1,0,0.228,0.304,0.4,0.704,13,0.228
Jorge Soler,ATL,OF,32,49,152,27,37,11,0,9,24,0,0,24,44,0,1,3,0.243,0.356,0.493,0.849,11,0.241
Jake McCarthy,ARI,OF,27,142,442,66,126,13,7,8,56,25,6,31,78,5,3,14,0.285,0.349,0.4,0.749,4,0.285
Josh Rojas,SEA,3B,30,143,422,48,95,19,2,8,31,10,4,46,108,1,2,3,0.225,0.304,0.336,0.64,6,0.225
Patrick Bailey,SF,C,25,121,401,46,94,16,1,8,46,4,0,39,100,1,7,0,0.234,0.298,0.339,0.637,2,0.234
Kyle Isbel,KC,OF,27,136,384,62,88,13,8,8,42,11,2,27,88,8,2,5,0.229,0.287,0.367,0.654,4,0.229
Brayan Rocchio,CLE,SS,23,143,383,50,79,18,0,8,36,10,6,44,90,2,5,8,0.206,0.298,0.316,0.614,2,0.206
Max Kepler,MIN,OF,31,105,368,43,93,21,1,8,42,1,0,22,80,0,3,5,0.253,0.302,0.38,0.682,10,0.253
Lenyn Sosa,CWS,2B,24,100,351,28,89,13,0,8,35,3,1,12,77,2,1,3,0.254,0.283,0.359,0.642,3,0.254
Anthony Rizzo,NYY,1B,35,92,337,38,77,12,0,8,35,0,0,27,65,0,2,9,0.228,0.301,0.335,0.636,14,0.228
Will Brennan,CLE,OF,26,114,330,37,87,13,2,8,30,4,2,19,48,0,1,3,0.264,0.309,0.388,0.697,3,0.264
Miguel Amaya,CHC,C,25,117,328,32,76,13,2,8,47,0,0,23,62,5,3,4,0.232,0.288,0.357,0.645,2,0.232
Lane Thomas,WSH,OF,29,77,300,42,76,16,3,8,40,28,12,32,72,0,4,5,0.253,0.331,0.407,0.738,6,0.237
Ty France,SEA,1B,30,88,300,28,67,14,0,8,31,0,1,28,83,0,1,11,0.223,0.312,0.35,0.662,6,0.234
Oswaldo Cabrera,NYY,OF,25,109,299,47,74,11,0,8,36,4,2,21,63,2,3,1,0.247,0.296,0.365,0.661,3,0.247
David Hamilton,BOS,SS,27,98,294,47,73,17,1,8,28,33,4,22,80,0,0,1,0.248,0.303,0.395,0.698,2,0.248
Donovan Solano,SD,2B,36,96,283,31,81,13,0,8,35,2,1,22,65,0,1,3,0.286,0.343,0.417,0.76,11,0.286
Luis Campusano,SD,C,26,91,277,37,63,13,0,8,40,0,0,20,41,0,1,1,0.227,0.281,0.361,0.642,5,0.227
Edouard Julien,MIN,2B,25,94,266,36,53,9,0,8,21,6,0,33,102,0,0,2,0.199,0.292,0.323,0.615,2,0.199
Nick Gordon,MIA,OF,29,95,260,29,59,11,1,8,32,5,5,11,67,0,3,1,0.227,0.258,0.369,0.627,4,0.227
Victor Caratini,HOU,C,31,87,245,30,66,8,1,8,30,0,1,23,53,0,3,3,0.269,0.336,0.408,0.744,8,0.269
David Peralta,SD,OF,37,91,236,35,63,11,0,8,28,2,0,22,54,0,0,2,0.267,0.335,0.415,0.75,11,0.267
James McCann,BAL,C,34,66,214,27,50,9,0,8,31,1,0,13,56,0,4,2,0.234,0.279,0.388,0.667,11,0.234
Jose Trevino,NYY,C,31,74,209,26,45,5,0,8,28,1,0,20,41,1,2,2,0.215,0.288,0.354,0.642,7,0.215
Stuart Fairchild,CIN,OF,28,94,209,33,45,8,0,8,30,13,1,17,60,2,1,4,0.215,0.286,0.368,0.654,4,0.215
Nelson Velazquez,KC,OF,25,64,205,31,41,8,1,8,27,2,0,19,61,0,3,3,0.2,0.274,0.366,0.64,3,0.2
Justyn-Henry Malloy,DET,OF,24,71,202,18,41,7,1,8,21,1,1,23,85,0,2,3,0.203,0.291,0.366,0.657,1,0.203
Nico Hoerner,CHC,SS,27,151,582,86,159,35,1,7,48,31,6,44,66,0,3,12,0.273,0.335,0.373,0.708,6,0.273
Maikel Garcia,KC,3B,24,157,575,84,133,27,5,7,58,37,2,42,103,4,5,0,0.231,0.281,0.332,0.613,3,0.231
Brice Turang,MIL,2B,24,155,559,72,142,24,4,7,57,50,6,50,105,5,3,2,0.254,0.316,0.349,0.665,2,0.254
Max Schuemann,OAK,OF,27,133,396,55,87,14,0,7,34,14,1,47,119,5,4,7,0.22,0.311,0.308,0.619,1,0.22
Nick Gonzales,PIT,2B,25,94,359,42,97,19,3,7,49,5,3,18,74,1,4,5,0.27,0.311,0.398,0.709,2,0.27
Starling Marte,NYM,OF,36,94,335,46,90,13,3,7,40,16,1,27,81,3,2,3,0.269,0.327,0.388,0.715,13,0.269
Tyler Freeman,CLE,3B,25,118,330,48,69,14,1,7,32,11,6,28,53,3,3,19,0.209,0.305,0.321,0.626,3,0.209
Jake Cave,COL,OF,31,123,323,42,81,16,5,7,37,5,2,18,98,1,3,1,0.251,0.29,0.396,0.686,7,0.251
Mark Canha,DET,OF,35,93,320,42,74,17,0,7,38,4,0,42,79,0,4,11,0.231,0.337,0.35,0.687,10,0.242
Tyrone Taylor,NYM,OF,30,130,319,47,79,22,3,7,35,11,2,19,80,1,1,5,0.248,0.299,0.401,0.7,6,0.248
Mike Tauchman,CHC,OF,33,109,298,50,74,12,1,7,29,6,2,47,70,0,1,4,0.248,0.357,0.366,0.723,7,0.248
Christian Vazquez,MIN,C,34,93,294,29,65,10,0,7,27,3,1,11,65,5,4,1,0.221,0.248,0.327,0.575,10,0.221
Kevin Pillar,LAA,OF,35,83,259,37,61,14,1,7,41,10,3,12,61,0,2,9,0.236,0.291,0.378,0.669,12,0.229
Isiah Kiner-Falefa,TOR,OF,29,83,257,32,75,8,2,7,33,3,1,13,37,3,2,6,0.292,0.338,0.42,0.758,7,0.269
Edmundo Sosa,PHI,SS,28,90,249,39,64,12,4,7,31,7,1,13,66,1,2,8,0.257,0.313,0.422,0.735,6,0.257
Tyler Nevin,OAK,3B,27,87,245,22,50,10,0,7,20,1,0,25,64,0,3,5,0.204,0.288,0.331,0.619,4,0.204
Eddie Rosario,WSH,OF,33,67,219,26,40,11,0,7,26,8,1,13,54,1,2,0,0.183,0.226,0.329,0.555,10,0.175
Addison Barger,TOR,OF,24,69,208,20,41,11,0,7,28,2,0,14,60,0,1,1,0.197,0.25,0.351,0.601,1,0.197
Nick Senzel,WSH,OF,29,64,206,25,43,10,0,7,18,1,3,27,53,0,0,1,0.209,0.303,0.359,0.662,6,0.195
Pedro Pages,STL,C,26,68,202,19,48,3,2,7,27,2,0,13,58,1,2,0,0.238,0.281,0.376,0.657,1,0.238
Carson Kelly,DET,C,30,60,179,21,43,4,1,7,29,0,0,17,40,0,1,6,0.24,0.325,0.391,0.716,9,0.238
Lane Thomas,CLE,OF,29,53,172,23,36,10,0,7,23,4,2,12,65,0,1,2,0.209,0.267,0.39,0.657,6,0.237
Otto Lopez,MIA,SS,26,117,403,49,109,23,1,6,39,20,4,25,75,2,2,1,0.27,0.313,0.377,0.69,3,0.27
Blake Perkins,MIL,OF,28,121,383,54,92,13,2,6,43,23,5,42,108,0,6,3,0.24,0.316,0.332,0.648,2,0.24
Freddy Fermin,KC,C,29,111,339,40,92,14,0,6,36,2,0,23,66,1,3,2,0.271,0.319,0.366,0.685,3,0.271
Abraham Toro,OAK,3B,27,94,337,34,81,17,1,6,26,4,2,20,62,2,0,5,0.24,0.293,0.35,0.643,6,0.24
Jonny DeLuca,TB,OF,26,107,332,29,72,12,4,6,31,16,6,24,77,2,0,4,0.217,0.278,0.331,0.609,2,0.217
Miguel Rojas,LAD,SS,35,103,307,41,87,21,0,6,36,8,2,23,34,2,2,3,0.283,0.337,0.41,0.747,11,0.283
Justin Turner,TOR,1B,39,91,301,37,77,17,0,6,31,0,2,39,60,0,3,6,0.256,0.35,0.372,0.722,16,0.259
Luis Rengifo,LAA,2B,27,78,283,41,85,13,1,6,30,24,7,16,44,1,0,4,0.3,0.347,0.417,0.764,6,0.3
Javier Baez,DET,SS,31,80,272,25,50,12,0,6,37,8,1,12,69,0,3,2,0.184,0.221,0.294,0.515,11,0.184
Dominic Smith,BOS,1B,29,84,249,29,59,20,0,6,34,1,1,25,65,0,0,4,0.237,0.317,0.39,0.707,8,0.233
Juan Yepez,WSH,OF,26,62,226,32,64,15,0,6,26,2,1,18,42,1,3,1,0.283,0.335,0.429,0.764,3,0.283
Enmanuel Valdez,BOS,2B,25,76,201,23,43,12,0,6,28,1,1,17,53,1,4,0,0.214,0.27,0.363,0.633,2,0.214
Danny Jansen,TOR,C,29,62,198,27,42,13,0,6,18,0,0,25,42,0,3,2,0.212,0.303,0.369,0.672,7,0.205
Jason Heyward,LAD,OF,35,63,173,25,36,10,2,6,28,4,0,17,36,0,3,4,0.208,0.289,0.393,0.682,15,0.211
Paul DeJong,KC,SS,31,37,108,15,24,3,0,6,15,0,1,9,44,0,2,0,0.222,0.277,0.417,0.694,8,0.227
Jake Fraley,CIN,OF,29,116,350,44,97,19,2,5,26,20,5,26,70,0,3,3,0.277,0.33,0.386,0.716,6,0.277
Alejandro Kirk,TOR,C,25,103,340,23,86,19,1,5,54,0,0,35,51,0,9,2,0.253,0.319,0.359,0.678,5,0.253
Gabriel Moreno,ARI,C,24,97,305,39,81,18,1,5,45,3,1,41,52,0,3,2,0.266,0.353,0.38,0.733,3,0.266
Elias Diaz,COL,C,33,84,304,26,82,18,0,5,36,0,0,17,64,0,2,4,0.27,0.315,0.378,0.693,10,0.265
Gio Urshela,DET,3B,33,92,300,25,73,10,1,5,37,0,0,19,49,0,5,1,0.243,0.286,0.333,0.619,9,0.25
Tommy Pham,CWS,OF,36,70,271,33,72,14,1,5,19,6,3,25,63,0,0,1,0.266,0.33,0.38,0.71,11,0.248
Michael Taylor,PIT,OF,33,113,269,35,52,9,1,5,21,12,1,23,105,4,4,0,0.193,0.253,0.29,0.543,11,0.193
Richie Palacios,TB,OF,27,92,264,46,59,8,1,5,21,19,1,45,67,0,1,5,0.223,0.346,0.318,0.664,3,0.223
Chas McCormick,HOU,OF,29,94,242,32,51,6,1,5,27,8,2,17,72,1,3,4,0.211,0.271,0.306,0.577,4,0.211
Ivan Herrera,STL,C,24,72,229,37,69,12,1,5,27,5,0,25,53,0,2,2,0.301,0.372,0.428,0.8,3,0.301
Willie Calhoun,LAA,OF,29,68,229,26,56,16,0,5,20,0,1,23,31,0,1,1,0.245,0.315,0.38,0.695,8,0.245
Eloy Jimenez,CWS,DH,27,65,229,18,55,9,0,5,16,3,0,18,47,0,1,1,0.24,0.297,0.345,0.642,6,0.238
Andy Ibanez,DET,2B,31,99,224,30,54,9,1,5,32,2,3,15,63,0,2,3,0.241,0.295,0.357,0.652,4,0.241
Kyle Farmer,MIN,SS,34,107,215,26,46,13,1,5,25,3,5,19,49,0,2,6,0.214,0.293,0.353,0.646,8,0.214
Randy Arozarena,SEA,OF,29,54,199,32,46,14,0,5,23,4,3,28,68,0,1,11,0.231,0.356,0.377,0.733,6,0.219
Ty France,CIN,1B,30,52,179,18,45,10,0,5,20,1,0,10,31,0,4,2,0.251,0.292,0.391,0.683,6,0.234
Justin Turner,SEA,1B,39,48,159,22,42,7,0,5,24,0,0,20,35,0,4,7,0.264,0.363,0.403,0.766,16,0.259
Josh Bell,ARI,1B,32,41,140,24,39,5,1,5,22,0,1,17,32,0,0,1,0.279,0.361,0.436,0.797,9,0.249
Luis Arraez,SD,2B,27,117,500,61,159,24,2,4,41,9,3,16,18,1,1,6,0.318,0.346,0.398,0.744,6,0.314
Mauricio Dubon,HOU,OF,30,137,402,45,108,25,0,4,47,3,2,16,55,3,5,2,0.269,0.296,0.361,0.657,6,0.269
Ke'Bryan Hayes,PIT,3B,27,96,365,38,85,9,0,4,25,11,2,23,75,0,4,4,0.233,0.283,0.29,0.573,5,0.233
Brandon Drury,LAA,2B,32,97,325,28,55,7,0,4,15,1,0,27,81,0,3,5,0.169,0.242,0.228,0.47,10,0.169
Manuel Margot,MIN,OF,30,129,315,37,75,17,1,4,31,5,0,21,54,1,3,3,0.238,0.289,0.337,0.626,9,0.238
Bo Bichette,TOR,SS,26,81,311,29,70,16,1,4,31,5,1,20,64,0,2,3,0.225,0.277,0.322,0.599,6,0.225
Nick Fortes,MIA,C,27,110,308,28,70,16,0,4,29,0,1,11,41,7,5,4,0.227,0.259,0.318,0.577,4,0.227
Miguel Andujar,OAK,OF,29,75,302,31,86,14,1,4,30,3,2,13,42,0,1,3,0.285,0.32,0.377,0.697,8,0.285
Zach McKinstry,DET,2B,29,118,297,32,64,14,5,4,23,16,0,24,69,0,2,2,0.215,0.277,0.337,0.614,5,0.215
Jose Iglesias,NYM,SS,34,85,270,39,91,16,1,4,26,6,2,12,39,0,1,8,0.337,0.381,0.448,0.829,12,0.337
Adam Frazier,KC,2B,32,104,262,35,53,10,1,4,22,3,0,22,59,3,0,7,0.202,0.282,0.294,0.576,9,0.202
Brett Wisely,SF,2B,25,91,252,25,60,13,1,4,31,2,3,13,65,2,3,2,0.238,0.278,0.345,0.623,2,0.238
Noelvi Marte,CIN,3B,23,66,229,24,48,9,0,4,18,9,3,9,75,0,1,3,0.21,0.248,0.301,0.549,2,0.21
Victor Robles,SEA,OF,27,77,229,41,75,20,0,4,26,30,1,16,44,5,2,10,0.328,0.393,0.467,0.86,8,0.307
Elehuris Montero,COL,3B,26,67,224,23,46,10,0,4,28,0,0,20,56,0,3,0,0.205,0.267,0.304,0.571,3,0.205
Wilmer Flores,SF,1B,33,71,214,19,44,12,0,4,26,0,0,20,33,0,5,3,0.206,0.277,0.318,0.595,12,0.206
Chris Taylor,LAD,OF,34,87,213,28,43,7,1,4,23,5,1,28,76,1,2,2,0.202,0.298,0.3,0.598,11,0.202
Kevin Kiermaier,TOR,OF,34,82,200,24,39,7,2,4,18,5,0,10,66,5,1,1,0.195,0.236,0.31,0.546,12,0.197
Gio Urshela,ATL,3B,33,36,132,9,35,9,0,4,15,0,0,4,23,0,0,0,0.265,0.287,0.424,0.711,9,0.25
Emmanuel Rivera,BAL,3B,28,27,64,9,20,3,1,4,14,0,0,6,18,0,2,1,0.313,0.37,0.578,0.948,4,0.238
Jason Heyward,HOU,OF,35,24,55,8,12,2,0,4,9,1,0,5,17,0,0,0,0.218,0.283,0.473,0.756,15,0.211
Jacob Young,WSH,OF,25,150,468,75,120,24,1,3,36,33,10,30,102,9,2,12,0.256,0.316,0.331,0.647,2,0.256
Johan Rojas,PHI,OF,24,120,338,47,82,12,3,3,32,25,4,13,69,8,0,4,0.243,0.279,0.322,0.601,2,0.243
Geraldo Perdomo,ARI,SS,25,98,337,61,92,21,2,3,37,9,1,36,58,7,5,3,0.273,0.344,0.374,0.718,4,0.273
Ben Rortvedt,TB,C,27,112,290,27,66,13,0,3,31,1,0,34,88,0,0,4,0.228,0.317,0.303,0.62,3,0.228
Kevin Newman,ARI,SS,31,111,288,41,80,17,1,3,28,8,1,15,48,6,2,0,0.278,0.311,0.375,0.686,7,0.278
Joey Meneses,WSH,DH,32,76,281,19,65,11,0,3,42,2,0,21,63,0,6,5,0.231,0.291,0.302,0.593,3,0.231
Ezequiel Duran,TEX,SS,25,92,268,26,66,11,0,3,20,1,2,14,63,0,1,2,0.246,0.288,0.321,0.609,3,0.246
Nolan Jones,COL,OF,26,79,256,28,58,13,1,3,28,5,4,36,91,1,3,1,0.227,0.321,0.32,0.641,3,0.227
Isaac Paredes,CHC,3B,25,52,179,23,40,6,0,3,25,1,0,24,37,0,4,5,0.223,0.325,0.307,0.632,5,0.238
Christopher Morel,TB,OF,25,49,173,13,33,4,2,3,9,1,2,14,56,0,1,2,0.191,0.258,0.289,0.547,3,0.196
Bryan De La Cruz,PIT,OF,27,44,160,17,32,6,0,3,17,2,1,4,52,0,3,1,0.2,0.22,0.294,0.514,4,0.233
Austin Hays,BAL,OF,29,63,157,18,40,13,0,3,14,0,1,9,40,1,2,6,0.255,0.316,0.395,0.711,7,0.255
Whit Merrifield,PHI,2B,35,53,156,21,31,4,1,3,11,11,1,15,19,1,0,2,0.199,0.277,0.295,0.572,9,0.222
Jesse Winker,NYM,OF,31,44,115,12,28,5,0,3,13,0,0,10,22,0,1,3,0.243,0.318,0.365,0.683,8,0.253
Dylan Carlson,TB,OF,26,37,114,7,25,2,0,3,14,2,0,10,38,0,0,3,0.219,0.299,0.316,0.615,5,0.209
Robbie Grossman,TEX,OF,35,46,105,13,25,4,0,3,10,1,0,16,25,0,1,0,0.238,0.336,0.362,0.698,12,0.212
Danny Jansen,BOS,C,29,30,80,8,15,0,0,3,6,0,0,15,19,0,0,1,0.188,0.323,0.3,0.623,7,0.205
Eddie Rosario,ATL,OF,33,24,78,7,12,1,0,3,9,1,0,3,23,1,2,0,0.154,0.181,0.282,0.463,10,0.175
Miguel Vargas,LAD,2B,24,30,71,11,17,4,0,3,9,1,0,8,16,0,1,0,0.239,0.313,0.423,0.736,3,0.15
Sal Frelick,MIL,OF,24,145,475,66,123,22,4,2,32,18,3,39,78,2,1,4,0.259,0.32,0.335,0.655,2,0.259
Michael Siani,STL,OF,25,124,298,42,68,7,2,2,20,20,3,21,92,11,1,3,0.228,0.285,0.285,0.57,3,0.228
Amed Rosario,TB,SS,28,76,264,22,81,17,3,2,26,9,4,7,48,0,1,3,0.307,0.331,0.417,0.748,8,0.28
Vidal Brujan,MIA,2B,26,102,248,32,55,14,2,2,16,5,6,25,54,1,0,4,0.222,0.303,0.319,0.622,4,0.222
DJ LeMahieu,NYY,3B,36,67,201,19,41,5,0,2,26,0,1,19,35,1,6,1,0.204,0.269,0.259,0.528,14,0.204
Joey Loperfido,TOR,OF,25,43,137,13,27,8,3,2,9,2,1,6,52,0,0,1,0.197,0.236,0.343,0.579,1,0.214
Miguel Vargas,CWS,2B,24,42,135,11,14,3,0,2,7,2,1,17,41,0,2,3,0.104,0.217,0.17,0.387,3,0.15
Joey Loperfido,HOU,OF,25,38,106,11,25,5,1,2,16,2,1,7,43,1,1,3,0.236,0.299,0.358,0.657,1,0.214
Carson Kelly,TEX,C,30,31,102,11,24,5,0,2,8,0,0,8,15,0,0,0,0.235,0.291,0.343,0.634,9,0.238
Tommy Pham,KC,OF,36,23,101,9,23,3,1,2,8,1,0,3,27,0,0,0,0.228,0.25,0.337,0.587,11,0.248
Austin Hays,PHI,OF,29,22,78,8,20,5,0,2,6,2,1,0,19,0,0,2,0.256,0.275,0.397,0.672,7,0.255
Tommy Pham,STL,OF,36,23,68,7,14,3,1,2,12,0,0,7,16,0,1,1,0.206,0.286,0.368,0.654,11,0.248
Nicky Lopez,CWS,2B,29,124,398,40,96,12,3,1,21,5,7,37,67,6,0,4,0.241,0.312,0.294,0.606,6,0.241
Ildemaro Vargas,WSH,3B,33,97,272,21,67,16,0,1,30,9,4,19,31,5,5,2,0.246,0.295,0.316,0.611,8,0.246
Xavier Edwards,MIA,2B,25,70,265,39,87,12,5,1,26,31,4,33,52,1,4,0,0.328,0.397,0.423,0.82,2,0.328
Austin Martin,MIN,OF,25,93,233,41,59,18,1,1,16,7,3,20,47,2,0,2,0.253,0.318,0.352,0.67,1,0.253
Dominic Fletcher,CWS,OF,27,72,223,14,46,8,0,1,17,0,0,11,58,2,1,3,0.206,0.252,0.256,0.508,2,0.206
Taylor Walls,TB,SS,28,84,218,27,40,5,3,1,14,16,4,31,67,0,3,0,0.183,0.282,0.248,0.53,4,0.183
Isiah Kiner-Falefa,PIT,OF,29,50,208,21,50,10,2,1,10,8,1,3,41,0,0,4,0.24,0.265,0.322,0.587,7,0.269
Emmanuel Rivera,MIA,3B,28,97,201,15,43,6,1,1,15,2,0,20,51,1,3,4,0.214,0.294,0.269,0.563,4,0.238
Harold Ramirez,TB,DH,30,48,164,21,44,3,0,1,13,5,2,3,33,0,1,1,0.268,0.284,0.305,0.589,6,0.261
Nick Ahmed,SF,SS,34,52,155,13,36,6,1,1,15,1,1,10,35,3,3,1,0.232,0.278,0.303,0.581,11,0.229
Whit Merrifield,ATL,2B,35,42,137,23,34,5,2,1,4,6,2,20,33,3,0,1,0.248,0.348,0.336,0.684,9,0.222
Eloy Jimenez,BAL,DH,27,33,95,7,22,5,0,1,7,0,0,4,23,0,0,1,0.232,0.27,0.316,0.586,6,0.238
Harold Ramirez,WSH,DH,30,25,74,7,18,4,1,1,16,1,0,2,17,0,0,1,0.243,0.273,0.365,0.638,6,0.261
Ramon Laureano,CLE,OF,30,31,70,7,10,3,0,1,4,3,1,7,32,0,1,5,0.143,0.265,0.229,0.494,7,0.259
Kevin Kiermaier,LAD,OF,34,34,59,7,12,2,1,1,8,1,2,2,20,2,0,1,0.203,0.242,0.322,0.564,12,0.197
Amed Rosario,CIN,SS,28,22,57,6,9,0,0,1,4,3,0,1,23,0,0,1,0.158,0.186,0.211,0.397,8,0.28
Nick Ahmed,LAD,SS,34,17,48,6,11,0,0,1,2,1,0,1,14,0,0,0,0.229,0.245,0.292,0.537,11,0.229
Kevin Pillar,CWS,OF,35,17,25,1,4,2,0,1,4,2,0,4,8,1,1,1,0.16,0.29,0.36,0.65,12,0.229
Elias Diaz,SD,C,33,12,21,1,4,2,0,1,3,0,0,3,5,0,0,0,0.19,0.292,0.429,0.721,10,0.265
Tim Anderson,MIA,SS,31,65,234,16,50,3,0,0,9,4,4,7,68,0,0,0,0.214,0.237,0.226,0.463,9,0.214
Garrett Hampson,KC,SS,30,113,213,16,49,13,1,0,16,7,2,14,59,2,2,0,0.23,0.275,0.3,0.575,7,0.23
Anthony Rendon,LAA,3B,34,57,206,21,45,10,0,0,14,6,1,23,35,0,4,5,0.218,0.307,0.267,0.574,12,0.218
Luis Arraez,MIA,2B,27,33,137,22,41,8,1,0,5,0,0,8,11,1,0,2,0.299,0.347,0.372,0.719,6,0.314
Dylan Carlson,STL,OF,26,59,121,12,24,5,0,0,11,0,1,12,37,0,3,2,0.198,0.275,0.24,0.515,5,0.209
Mark Canha,SF,OF,35,32,73,4,21,3,0,0,4,3,0,9,17,0,1,2,0.288,0.376,0.329,0.705,10,0.242
Robbie Grossman,CWS,OF,35,25,71,6,15,4,0,0,4,2,0,13,20,0,1,0,0.211,0.329,0.268,0.597,12,0.212
Robbie Grossman,KC,OF,35,16,32,2,4,0,0,0,2,0,0,5,13,0,0,1,0.125,0.263,0.125,0.388,12,0.212
Nick Senzel,CWS,OF,29,10,30,0,3,1,0,0,0,0,0,1,8,1,0,0,0.1,0.129,0.133,0.262,6,0.195
Dominic Smith,CIN,1B,29,9,26,4,5,2,0,0,0,0,0,3,11,0,0,0,0.192,0.276,0.269,0.545,8,0.233
Victor Robles,WSH,OF,27,14,25,3,3,0,0,0,2,4,1,5,9,1,1,1,0.12,0.281,0.12,0.401,8,0.307
Amed Rosario,LAD,SS,28,5,11,1,3,1,0,0,2,1,1,1,2,0,0,0,0.273,0.333,0.364,0.697,8,0.28
Nick Ahmed,SD,SS,34,2,7,1,1,0,0,0,0,0,0,0,2,0,0,0,0.143,0.143,0.143,0.286,11,0.229
